ligand_number,enumeration,conformer_number,name,score,smiles,lowest_conformer
0,0,0,HCRTR1_285,-7.661,CC=CCNC(=O)CNC(=O)c1cccc(C)c1,True
0,0,1,HCRTR1_285,-7.579,CC=CCNC(=O)CNC(=O)c1cccc(C)c1,False
0,0,2,HCRTR1_285,-7.271,CC=CCNC(=O)CNC(=O)c1cccc(C)c1,False
0,0,3,HCRTR1_285,-7.204,CC=CCNC(=O)CNC(=O)c1cccc(C)c1,False
0,0,4,HCRTR1_285,-7.145,CC=CCNC(=O)CNC(=O)c1cccc(C)c1,False
1,0,0,HCRTR1_52,-12.769,Cc1ccc2c(C)c1Cc1ccccc1C=NC(=O)C(C=CC(=O)O)=Cc1c(F)ccc(C(=O)c3ccccc3)c1C2,True
1,0,1,HCRTR1_52,-12.375,Cc1ccc2c(C)c1Cc1ccccc1C=NC(=O)C(C=CC(=O)O)=Cc1c(F)ccc(C(=O)c3ccccc3)c1C2,False
1,0,2,HCRTR1_52,-11.368,Cc1ccc2c(C)c1Cc1ccccc1C=NC(=O)C(C=CC(=O)O)=Cc1c(F)ccc(C(=O)c3ccccc3)c1C2,False
1,0,3,HCRTR1_52,-10.224,Cc1ccc2c(C)c1Cc1ccccc1C=NC(=O)C(C=CC(=O)O)=Cc1c(F)ccc(C(=O)c3ccccc3)c1C2,False
2,0,0,HCRTR1_82,-10.555,Cc1cc(-c2cccc(O)c2)c(CC(C)C)cc1OCc1c(C)cccc1O,True
2,0,1,HCRTR1_82,-10.406,Cc1cc(-c2cccc(O)c2)c(CC(C)C)cc1OCc1c(C)cccc1O,False
2,0,2,HCRTR1_82,-9.551,Cc1cc(-c2cccc(O)c2)c(CC(C)C)cc1OCc1c(C)cccc1O,False
2,0,3,HCRTR1_82,-9.455,Cc1cc(-c2cccc(O)c2)c(CC(C)C)cc1OCc1c(C)cccc1O,False
2,0,4,HCRTR1_82,-9.238,Cc1cc(-c2cccc(O)c2)c(CC(C)C)cc1OCc1c(C)cccc1O,False
3,0,0,HCRTR1_191,-11.383,CCC1CCOc2cc(c(-c3ccccc3)cc2C)CC(C)CCCNC(=O)CC1,True
3,0,1,HCRTR1_191,-10.128,CCC1CCOc2cc(c(-c3ccccc3)cc2C)CC(C)CCCNC(=O)CC1,False
3,0,2,HCRTR1_191,-9.66,CCC1CCOc2cc(c(-c3ccccc3)cc2C)CC(C)CCCNC(=O)CC1,False
3,0,3,HCRTR1_191,-9.581,CCC1CCOc2cc(c(-c3ccccc3)cc2C)CC(C)CCCNC(=O)CC1,False
3,0,4,HCRTR1_191,-9.33,CCC1CCOc2cc(c(-c3ccccc3)cc2C)CC(C)CCCNC(=O)CC1,False
4,0,0,HCRTR1_261,-7.398,COC(=O)C1=C2CC(N)CCC2CCC2=CCCC21C,True
4,0,1,HCRTR1_261,-7.354,COC(=O)C1=C2CC(N)CCC2CCC2=CCCC21C,False
4,0,2,HCRTR1_261,-7.338,COC(=O)C1=C2CC(N)CCC2CCC2=CCCC21C,False
4,0,3,HCRTR1_261,-7.328,COC(=O)C1=C2CC(N)CCC2CCC2=CCCC21C,False
4,0,4,HCRTR1_261,-7.154,COC(=O)C1=C2CC(N)CCC2CCC2=CCCC21C,False
5,0,0,HCRTR1_453,-9.436,CC12CCC=C1CCC1CCCC3CC1=C2C(=O)OCCC3O,True
5,0,1,HCRTR1_453,-9.075,CC12CCC=C1CCC1CCCC3CC1=C2C(=O)OCCC3O,False
5,0,2,HCRTR1_453,-9.042,CC12CCC=C1CCC1CCCC3CC1=C2C(=O)OCCC3O,False
5,0,3,HCRTR1_453,-8.932,CC12CCC=C1CCC1CCCC3CC1=C2C(=O)OCCC3O,False
5,0,4,HCRTR1_453,-8.754,CC12CCC=C1CCC1CCCC3CC1=C2C(=O)OCCC3O,False
6,0,0,HCRTR1_167,-9.821,Cc1ccc(OCC(=O)O)cc1COc1cc(CC(C)CCNC(N)=O)c(-c2ccccc2)cc1C,True
6,0,1,HCRTR1_167,-9.663,Cc1ccc(OCC(=O)O)cc1COc1cc(CC(C)CCNC(N)=O)c(-c2ccccc2)cc1C,False
6,0,2,HCRTR1_167,-9.533,Cc1ccc(OCC(=O)O)cc1COc1cc(CC(C)CCNC(N)=O)c(-c2ccccc2)cc1C,False
6,0,3,HCRTR1_167,-9.511,Cc1ccc(OCC(=O)O)cc1COc1cc(CC(C)CCNC(N)=O)c(-c2ccccc2)cc1C,False
6,0,4,HCRTR1_167,-9.215,Cc1ccc(OCC(=O)O)cc1COc1cc(CC(C)CCNC(N)=O)c(-c2ccccc2)cc1C,False
7,0,0,HCRTR1_146,-9.16,OCc1ccc(C2OC(CO)CC2O)cc1CC1CCCC1C1CCC=CCC1,True
7,0,1,HCRTR1_146,-8.808,OCc1ccc(C2OC(CO)CC2O)cc1CC1CCCC1C1CCC=CCC1,False
7,0,2,HCRTR1_146,-8.782,OCc1ccc(C2OC(CO)CC2O)cc1CC1CCCC1C1CCC=CCC1,False
7,0,3,HCRTR1_146,-8.748,OCc1ccc(C2OC(CO)CC2O)cc1CC1CCCC1C1CCC=CCC1,False
7,0,4,HCRTR1_146,-8.73,OCc1ccc(C2OC(CO)CC2O)cc1CC1CCCC1C1CCC=CCC1,False
8,0,0,HCRTR1_253,-6.164,COC(=O)c1cc(OCCO)cc(F)c1C,True
8,0,1,HCRTR1_253,-6.074,COC(=O)c1cc(OCCO)cc(F)c1C,False
8,0,2,HCRTR1_253,-6.039,COC(=O)c1cc(OCCO)cc(F)c1C,False
8,0,3,HCRTR1_253,-5.924,COC(=O)c1cc(OCCO)cc(F)c1C,False
8,0,4,HCRTR1_253,-5.904,COC(=O)c1cc(OCCO)cc(F)c1C,False
9,0,0,HCRTR1_164,-10.875,COc1c(O)cc(Cc2cc(F)ccc2C(=O)c2ccccc2)c2c1OC(CC=C(O)C(C)C)=CCC=C(O)O2,True
9,0,1,HCRTR1_164,-10.434,COc1c(O)cc(Cc2cc(F)ccc2C(=O)c2ccccc2)c2c1OC(CC=C(O)C(C)C)=CCC=C(O)O2,False
9,0,2,HCRTR1_164,-10.247,COc1c(O)cc(Cc2cc(F)ccc2C(=O)c2ccccc2)c2c1OC(CC=C(O)C(C)C)=CCC=C(O)O2,False
9,0,3,HCRTR1_164,-10.135,COc1c(O)cc(Cc2cc(F)ccc2C(=O)c2ccccc2)c2c1OC(CC=C(O)C(C)C)=CCC=C(O)O2,False
9,0,4,HCRTR1_164,-10.105,COc1c(O)cc(Cc2cc(F)ccc2C(=O)c2ccccc2)c2c1OC(CC=C(O)C(C)C)=CCC=C(O)O2,False
10,0,0,HCRTR1_449,-8.417,CCCCOc1c(OC)ccc(Cc2cc(F)ccc2C(=O)c2ccccc2)c1OCC,True
10,0,1,HCRTR1_449,-8.397,CCCCOc1c(OC)ccc(Cc2cc(F)ccc2C(=O)c2ccccc2)c1OCC,False
10,0,2,HCRTR1_449,-8.189,CCCCOc1c(OC)ccc(Cc2cc(F)ccc2C(=O)c2ccccc2)c1OCC,False
10,0,3,HCRTR1_449,-8.148,CCCCOc1c(OC)ccc(Cc2cc(F)ccc2C(=O)c2ccccc2)c1OCC,False
10,0,4,HCRTR1_449,-8.086,CCCCOc1c(OC)ccc(Cc2cc(F)ccc2C(=O)c2ccccc2)c1OCC,False
11,0,0,HCRTR1_327,-8.316,CCc1ccc(O)c(OC(c2ccc(C)s2)C(CC)COC(CC(C)CC(N)=O)C(=O)O)c1,True
11,0,1,HCRTR1_327,-8.295,CCc1ccc(O)c(OC(c2ccc(C)s2)C(CC)COC(CC(C)CC(N)=O)C(=O)O)c1,False
11,0,2,HCRTR1_327,-8.292,CCc1ccc(O)c(OC(c2ccc(C)s2)C(CC)COC(CC(C)CC(N)=O)C(=O)O)c1,False
11,0,3,HCRTR1_327,-8.259,CCc1ccc(O)c(OC(c2ccc(C)s2)C(CC)COC(CC(C)CC(N)=O)C(=O)O)c1,False
11,0,4,HCRTR1_327,-8.247,CCc1ccc(O)c(OC(c2ccc(C)s2)C(CC)COC(CC(C)CC(N)=O)C(=O)O)c1,False
12,0,0,HCRTR1_275,-8.177,CC(C)CNCc1ccc(Oc2cccc(F)c2F)cc1,True
12,0,1,HCRTR1_275,-8.127,CC(C)CNCc1ccc(Oc2cccc(F)c2F)cc1,False
12,0,2,HCRTR1_275,-8.112,CC(C)CNCc1ccc(Oc2cccc(F)c2F)cc1,False
12,0,3,HCRTR1_275,-7.976,CC(C)CNCc1ccc(Oc2cccc(F)c2F)cc1,False
12,0,4,HCRTR1_275,-7.971,CC(C)CNCc1ccc(Oc2cccc(F)c2F)cc1,False
13,0,0,HCRTR1_1,-9.52,CCCC1CCCCCCCC2(C)CCCC2CC(=O)c2cccc(c2)C(=O)NCC2CCCN(C1)C2=O,True
13,0,1,HCRTR1_1,-9.43,CCCC1CCCCCCCC2(C)CCCC2CC(=O)c2cccc(c2)C(=O)NCC2CCCN(C1)C2=O,False
13,0,2,HCRTR1_1,-9.247,CCCC1CCCCCCCC2(C)CCCC2CC(=O)c2cccc(c2)C(=O)NCC2CCCN(C1)C2=O,False
13,0,3,HCRTR1_1,-8.725,CCCC1CCCCCCCC2(C)CCCC2CC(=O)c2cccc(c2)C(=O)NCC2CCCN(C1)C2=O,False
13,0,4,HCRTR1_1,-7.855,CCCC1CCCCCCCC2(C)CCCC2CC(=O)c2cccc(c2)C(=O)NCC2CCCN(C1)C2=O,False
14,0,0,HCRTR1_313,-8.736,CC(CCC1CCCCC1C)CCC1(C(=O)CCC(=O)O)CCC(C)C2C(O)COC21,True
14,0,1,HCRTR1_313,-8.689,CC(CCC1CCCCC1C)CCC1(C(=O)CCC(=O)O)CCC(C)C2C(O)COC21,False
14,0,2,HCRTR1_313,-8.581,CC(CCC1CCCCC1C)CCC1(C(=O)CCC(=O)O)CCC(C)C2C(O)COC21,False
14,0,3,HCRTR1_313,-8.56,CC(CCC1CCCCC1C)CCC1(C(=O)CCC(=O)O)CCC(C)C2C(O)COC21,False
14,0,4,HCRTR1_313,-8.463,CC(CCC1CCCCC1C)CCC1(C(=O)CCC(=O)O)CCC(C)C2C(O)COC21,False
15,0,0,HCRTR1_400,-9.32,Cc1ccc(Cc2c(C)ccc(Cc3cc(F)ccc3C(=O)c3ccccc3)c2C)c(F)c1,True
15,0,1,HCRTR1_400,-9.298,Cc1ccc(Cc2c(C)ccc(Cc3cc(F)ccc3C(=O)c3ccccc3)c2C)c(F)c1,False
15,0,2,HCRTR1_400,-9.209,Cc1ccc(Cc2c(C)ccc(Cc3cc(F)ccc3C(=O)c3ccccc3)c2C)c(F)c1,False
15,0,3,HCRTR1_400,-9.176,Cc1ccc(Cc2c(C)ccc(Cc3cc(F)ccc3C(=O)c3ccccc3)c2C)c(F)c1,False
15,0,4,HCRTR1_400,-9.122,Cc1ccc(Cc2c(C)ccc(Cc3cc(F)ccc3C(=O)c3ccccc3)c2C)c(F)c1,False
16,0,0,HCRTR1_443,-5.866,CC1(C)CCC(C)(C)C(O)C1O,True
16,0,1,HCRTR1_443,-5.758,CC1(C)CCC(C)(C)C(O)C1O,False
16,0,2,HCRTR1_443,-5.729,CC1(C)CCC(C)(C)C(O)C1O,False
16,0,3,HCRTR1_443,-5.661,CC1(C)CCC(C)(C)C(O)C1O,False
16,0,4,HCRTR1_443,-5.647,CC1(C)CCC(C)(C)C(O)C1O,False
17,0,0,HCRTR1_403,-10.573,CC=CN=CC1NC(=CC(=O)O)C=C1Cc1c(C)ccc(Cc2cc(F)ccc2C(=O)c2ccccc2)c1C,True
17,0,1,HCRTR1_403,-10.476,CC=CN=CC1NC(=CC(=O)O)C=C1Cc1c(C)ccc(Cc2cc(F)ccc2C(=O)c2ccccc2)c1C,False
17,0,2,HCRTR1_403,-10.451,CC=CN=CC1NC(=CC(=O)O)C=C1Cc1c(C)ccc(Cc2cc(F)ccc2C(=O)c2ccccc2)c1C,False
17,0,3,HCRTR1_403,-10.296,CC=CN=CC1NC(=CC(=O)O)C=C1Cc1c(C)ccc(Cc2cc(F)ccc2C(=O)c2ccccc2)c1C,False
17,0,4,HCRTR1_403,-10.255,CC=CN=CC1NC(=CC(=O)O)C=C1Cc1c(C)ccc(Cc2cc(F)ccc2C(=O)c2ccccc2)c1C,False
18,0,0,HCRTR1_233,-9.935,CCCc1cc(CN(C(=O)CC)c2cc(C)c(C)c(C(N)=O)c2)c(-c2ccc(F)cc2)cc1C,True
18,0,1,HCRTR1_233,-9.828,CCCc1cc(CN(C(=O)CC)c2cc(C)c(C)c(C(N)=O)c2)c(-c2ccc(F)cc2)cc1C,False
18,0,2,HCRTR1_233,-9.651,CCCc1cc(CN(C(=O)CC)c2cc(C)c(C)c(C(N)=O)c2)c(-c2ccc(F)cc2)cc1C,False
18,0,3,HCRTR1_233,-9.34,CCCc1cc(CN(C(=O)CC)c2cc(C)c(C)c(C(N)=O)c2)c(-c2ccc(F)cc2)cc1C,False
18,0,4,HCRTR1_233,-9.326,CCCc1cc(CN(C(=O)CC)c2cc(C)c(C)c(C(N)=O)c2)c(-c2ccc(F)cc2)cc1C,False
19,0,0,HCRTR1_57,-7.308,CCOC(=O)c1cc(OCC(O)C(O)C(O)C(O)OC(C)(C)C)cc(F)c1C,True
19,0,1,HCRTR1_57,-7.165,CCOC(=O)c1cc(OCC(O)C(O)C(O)C(O)OC(C)(C)C)cc(F)c1C,False
19,0,2,HCRTR1_57,-7.094,CCOC(=O)c1cc(OCC(O)C(O)C(O)C(O)OC(C)(C)C)cc(F)c1C,False
19,0,3,HCRTR1_57,-7.056,CCOC(=O)c1cc(OCC(O)C(O)C(O)C(O)OC(C)(C)C)cc(F)c1C,False
19,0,4,HCRTR1_57,-7.024,CCOC(=O)c1cc(OCC(O)C(O)C(O)C(O)OC(C)(C)C)cc(F)c1C,False
20,0,0,HCRTR1_305,-10.059,CCc1c(C)cc(OC)cc1COc1cc(CC(C)C)c(-c2ccccc2)cc1C,True
20,0,1,HCRTR1_305,-9.957,CCc1c(C)cc(OC)cc1COc1cc(CC(C)C)c(-c2ccccc2)cc1C,False
20,0,2,HCRTR1_305,-9.495,CCc1c(C)cc(OC)cc1COc1cc(CC(C)C)c(-c2ccccc2)cc1C,False
20,0,3,HCRTR1_305,-8.963,CCc1c(C)cc(OC)cc1COc1cc(CC(C)C)c(-c2ccccc2)cc1C,False
20,0,4,HCRTR1_305,-8.949,CCc1c(C)cc(OC)cc1COc1cc(CC(C)C)c(-c2ccccc2)cc1C,False
21,0,0,HCRTR1_225,-11.623,CCC1CC2=CNC(=O)C3CC(CCC4=CCNC4=O)C(C=C23)C(=O)N(C(C)C)CCNC(=O)C2C=C1C(C)=C2F,True
21,0,1,HCRTR1_225,-10.84,CCC1CC2=CNC(=O)C3CC(CCC4=CCNC4=O)C(C=C23)C(=O)N(C(C)C)CCNC(=O)C2C=C1C(C)=C2F,False
21,0,2,HCRTR1_225,-10.3,CCC1CC2=CNC(=O)C3CC(CCC4=CCNC4=O)C(C=C23)C(=O)N(C(C)C)CCNC(=O)C2C=C1C(C)=C2F,False
21,0,3,HCRTR1_225,-10.122,CCC1CC2=CNC(=O)C3CC(CCC4=CCNC4=O)C(C=C23)C(=O)N(C(C)C)CCNC(=O)C2C=C1C(C)=C2F,False
21,0,4,HCRTR1_225,-10.045,CCC1CC2=CNC(=O)C3CC(CCC4=CCNC4=O)C(C=C23)C(=O)N(C(C)C)CCNC(=O)C2C=C1C(C)=C2F,False
22,0,0,HCRTR1_481,-8.951,CC=C(C)C1(CCC(C)CCC(C)(C(=O)CCC)C2OCC(C)C2C)CCCC1,True
22,0,1,HCRTR1_481,-8.89,CC=C(C)C1(CCC(C)CCC(C)(C(=O)CCC)C2OCC(C)C2C)CCCC1,False
22,0,2,HCRTR1_481,-8.856,CC=C(C)C1(CCC(C)CCC(C)(C(=O)CCC)C2OCC(C)C2C)CCCC1,False
22,0,3,HCRTR1_481,-8.832,CC=C(C)C1(CCC(C)CCC(C)(C(=O)CCC)C2OCC(C)C2C)CCCC1,False
22,0,4,HCRTR1_481,-8.722,CC=C(C)C1(CCC(C)CCC(C)(C(=O)CCC)C2OCC(C)C2C)CCCC1,False
23,0,0,HCRTR1_184,-8.611,Cc1ccc(NC(=O)C(C)(O)c2ccc(C(C)C)c(=O)[nH]2)cc1,True
23,0,1,HCRTR1_184,-8.417,Cc1ccc(NC(=O)C(C)(O)c2ccc(C(C)C)c(=O)[nH]2)cc1,False
23,0,2,HCRTR1_184,-8.148,Cc1ccc(NC(=O)C(C)(O)c2ccc(C(C)C)c(=O)[nH]2)cc1,False
23,0,3,HCRTR1_184,-8.054,Cc1ccc(NC(=O)C(C)(O)c2ccc(C(C)C)c(=O)[nH]2)cc1,False
23,0,4,HCRTR1_184,-7.953,Cc1ccc(NC(=O)C(C)(O)c2ccc(C(C)C)c(=O)[nH]2)cc1,False
24,0,0,HCRTR1_380,-8.227,CC(C)c1ccc(C(C)(O)C(=O)Nc2ccc(Cl)cc2)[nH]c1=O,True
24,0,1,HCRTR1_380,-8.184,CC(C)c1ccc(C(C)(O)C(=O)Nc2ccc(Cl)cc2)[nH]c1=O,False
24,0,2,HCRTR1_380,-7.993,CC(C)c1ccc(C(C)(O)C(=O)Nc2ccc(Cl)cc2)[nH]c1=O,False
24,0,3,HCRTR1_380,-7.925,CC(C)c1ccc(C(C)(O)C(=O)Nc2ccc(Cl)cc2)[nH]c1=O,False
24,0,4,HCRTR1_380,-7.876,CC(C)c1ccc(C(C)(O)C(=O)Nc2ccc(Cl)cc2)[nH]c1=O,False
25,0,0,HCRTR1_413,-9.152,Cc1ccc(F)c(Oc2ccc(CNC3CCCC3C)cc2)c1,True
25,0,1,HCRTR1_413,-8.925,Cc1ccc(F)c(Oc2ccc(CNC3CCCC3C)cc2)c1,False
25,0,2,HCRTR1_413,-8.89,Cc1ccc(F)c(Oc2ccc(CNC3CCCC3C)cc2)c1,False
25,0,3,HCRTR1_413,-8.875,Cc1ccc(F)c(Oc2ccc(CNC3CCCC3C)cc2)c1,False
25,0,4,HCRTR1_413,-8.768,Cc1ccc(F)c(Oc2ccc(CNC3CCCC3C)cc2)c1,False
26,0,0,HCRTR1_303,-9.555,CCCn1cc(C=NC=CC(=O)O)c(Cc2c(C)ccc(Cc3cc(F)ccc3C(=O)c3ccccc3)c2C)c1,True
26,0,1,HCRTR1_303,-9.516,CCCn1cc(C=NC=CC(=O)O)c(Cc2c(C)ccc(Cc3cc(F)ccc3C(=O)c3ccccc3)c2C)c1,False
26,0,2,HCRTR1_303,-9.441,CCCn1cc(C=NC=CC(=O)O)c(Cc2c(C)ccc(Cc3cc(F)ccc3C(=O)c3ccccc3)c2C)c1,False
26,0,3,HCRTR1_303,-9.424,CCCn1cc(C=NC=CC(=O)O)c(Cc2c(C)ccc(Cc3cc(F)ccc3C(=O)c3ccccc3)c2C)c1,False
26,0,4,HCRTR1_303,-9.35,CCCn1cc(C=NC=CC(=O)O)c(Cc2c(C)ccc(Cc3cc(F)ccc3C(=O)c3ccccc3)c2C)c1,False
27,0,0,HCRTR1_122,-10.896,CC1CCCC(C)C(C)CC(=O)NC(C)OC(=O)C2CCC3(C)C(=CC(C(=O)CCC(=O)O)(CC1)C1OCCC13)C2,True
27,0,1,HCRTR1_122,-8.499,CC1CCCC(C)C(C)CC(=O)NC(C)OC(=O)C2CCC3(C)C(=CC(C(=O)CCC(=O)O)(CC1)C1OCCC13)C2,False
27,0,2,HCRTR1_122,-8.474,CC1CCCC(C)C(C)CC(=O)NC(C)OC(=O)C2CCC3(C)C(=CC(C(=O)CCC(=O)O)(CC1)C1OCCC13)C2,False
28,0,0,HCRTR1_192,-10.519,CCC1(C)CC2CC(C)C(=O)c3ccc(F)cc3C2c2cc(C(N)=O)ccc21,True
28,0,1,HCRTR1_192,-10.136,CCC1(C)CC2CC(C)C(=O)c3ccc(F)cc3C2c2cc(C(N)=O)ccc21,False
28,0,2,HCRTR1_192,-10.094,CCC1(C)CC2CC(C)C(=O)c3ccc(F)cc3C2c2cc(C(N)=O)ccc21,False
28,0,3,HCRTR1_192,-9.77,CCC1(C)CC2CC(C)C(=O)c3ccc(F)cc3C2c2cc(C(N)=O)ccc21,False
28,0,4,HCRTR1_192,-9.495,CCC1(C)CC2CC(C)C(=O)c3ccc(F)cc3C2c2cc(C(N)=O)ccc21,False
29,0,0,HCRTR1_150,-8.992,CCCCCc1cccc(-c2cc(C(=O)O)cc(N(CC)c3ccccc3)c2)c1,True
29,0,1,HCRTR1_150,-8.9,CCCCCc1cccc(-c2cc(C(=O)O)cc(N(CC)c3ccccc3)c2)c1,False
29,0,2,HCRTR1_150,-8.747,CCCCCc1cccc(-c2cc(C(=O)O)cc(N(CC)c3ccccc3)c2)c1,False
29,0,3,HCRTR1_150,-8.735,CCCCCc1cccc(-c2cc(C(=O)O)cc(N(CC)c3ccccc3)c2)c1,False
29,0,4,HCRTR1_150,-8.676,CCCCCc1cccc(-c2cc(C(=O)O)cc(N(CC)c3ccccc3)c2)c1,False
30,0,0,HCRTR1_48,-7.364,CCNS(=O)(=O)c1cc(C=CC(=O)O)cc(OC)c1F,True
30,0,1,HCRTR1_48,-6.787,CCNS(=O)(=O)c1cc(C=CC(=O)O)cc(OC)c1F,False
30,0,2,HCRTR1_48,-6.762,CCNS(=O)(=O)c1cc(C=CC(=O)O)cc(OC)c1F,False
30,0,3,HCRTR1_48,-6.669,CCNS(=O)(=O)c1cc(C=CC(=O)O)cc(OC)c1F,False
30,0,4,HCRTR1_48,-6.614,CCNS(=O)(=O)c1cc(C=CC(=O)O)cc(OC)c1F,False
31,0,0,HCRTR1_494,-8.891,CCC(COC(Cc1ccccc1)C(=O)O)C(Oc1cc(C(C)=NO)ccc1O)c1ccc(C)s1,True
31,0,1,HCRTR1_494,-8.773,CCC(COC(Cc1ccccc1)C(=O)O)C(Oc1cc(C(C)=NO)ccc1O)c1ccc(C)s1,False
31,0,2,HCRTR1_494,-8.731,CCC(COC(Cc1ccccc1)C(=O)O)C(Oc1cc(C(C)=NO)ccc1O)c1ccc(C)s1,False
31,0,3,HCRTR1_494,-8.712,CCC(COC(Cc1ccccc1)C(=O)O)C(Oc1cc(C(C)=NO)ccc1O)c1ccc(C)s1,False
31,0,4,HCRTR1_494,-8.698,CCC(COC(Cc1ccccc1)C(=O)O)C(Oc1cc(C(C)=NO)ccc1O)c1ccc(C)s1,False
32,0,0,HCRTR1_99,-6.605,c1ccc(-c2cnon2)cc1,True
32,0,1,HCRTR1_99,-6.283,c1ccc(-c2cnon2)cc1,False
32,0,2,HCRTR1_99,-6.038,c1ccc(-c2cnon2)cc1,False
32,0,3,HCRTR1_99,-5.932,c1ccc(-c2cnon2)cc1,False
32,0,4,HCRTR1_99,-5.735,c1ccc(-c2cnon2)cc1,False
33,0,0,HCRTR1_385,-7.097,CC(C)(C)CCc1cc(C2OCCC2O)ccc1CO,True
33,0,1,HCRTR1_385,-6.821,CC(C)(C)CCc1cc(C2OCCC2O)ccc1CO,False
33,0,2,HCRTR1_385,-6.811,CC(C)(C)CCc1cc(C2OCCC2O)ccc1CO,False
33,0,3,HCRTR1_385,-6.808,CC(C)(C)CCc1cc(C2OCCC2O)ccc1CO,False
33,0,4,HCRTR1_385,-6.714,CC(C)(C)CCc1cc(C2OCCC2O)ccc1CO,False
34,0,0,HCRTR1_163,-6.559,C=CC=CCC1(C)CCC=C1CCCCC,True
34,0,1,HCRTR1_163,-6.468,C=CC=CCC1(C)CCC=C1CCCCC,False
34,0,2,HCRTR1_163,-6.459,C=CC=CCC1(C)CCC=C1CCCCC,False
34,0,3,HCRTR1_163,-6.449,C=CC=CCC1(C)CCC=C1CCCCC,False
34,0,4,HCRTR1_163,-6.426,C=CC=CCC1(C)CCC=C1CCCCC,False
35,0,0,HCRTR1_376,-11.975,CC=CCC=CC1=Cc2c(F)ccc(C(=O)c3ccccc3)c2Cc2ccc(C)c(c2C)Cc2ccccc2C=NC1=O,True
35,0,1,HCRTR1_376,-10.255,CC=CCC=CC1=Cc2c(F)ccc(C(=O)c3ccccc3)c2Cc2ccc(C)c(c2C)Cc2ccccc2C=NC1=O,False
35,0,2,HCRTR1_376,-10.066,CC=CCC=CC1=Cc2c(F)ccc(C(=O)c3ccccc3)c2Cc2ccc(C)c(c2C)Cc2ccccc2C=NC1=O,False
35,0,3,HCRTR1_376,-9.282,CC=CCC=CC1=Cc2c(F)ccc(C(=O)c3ccccc3)c2Cc2ccc(C)c(c2C)Cc2ccccc2C=NC1=O,False
35,0,4,HCRTR1_376,-9.269,CC=CCC=CC1=Cc2c(F)ccc(C(=O)c3ccccc3)c2Cc2ccc(C)c(c2C)Cc2ccccc2C=NC1=O,False
36,0,0,HCRTR1_2,-10.694,COc1cc(COc2cc(CC(C)C)c(-c3ccccc3)cc2C)c(C)c2c1CCCC2,True
36,0,1,HCRTR1_2,-10.227,COc1cc(COc2cc(CC(C)C)c(-c3ccccc3)cc2C)c(C)c2c1CCCC2,False
36,0,2,HCRTR1_2,-10.136,COc1cc(COc2cc(CC(C)C)c(-c3ccccc3)cc2C)c(C)c2c1CCCC2,False
36,0,3,HCRTR1_2,-9.884,COc1cc(COc2cc(CC(C)C)c(-c3ccccc3)cc2C)c(C)c2c1CCCC2,False
36,0,4,HCRTR1_2,-9.835,COc1cc(COc2cc(CC(C)C)c(-c3ccccc3)cc2C)c(C)c2c1CCCC2,False
37,0,0,HCRTR1_263,-9.718,Cc1cccc(C(=O)NCC(=O)NCC=C2CC3CCCC3(C)CC2=O)c1,True
37,0,1,HCRTR1_263,-9.588,Cc1cccc(C(=O)NCC(=O)NCC=C2CC3CCCC3(C)CC2=O)c1,False
37,0,2,HCRTR1_263,-9.521,Cc1cccc(C(=O)NCC(=O)NCC=C2CC3CCCC3(C)CC2=O)c1,False
37,0,3,HCRTR1_263,-9.509,Cc1cccc(C(=O)NCC(=O)NCC=C2CC3CCCC3(C)CC2=O)c1,False
37,0,4,HCRTR1_263,-9.381,Cc1cccc(C(=O)NCC(=O)NCC=C2CC3CCCC3(C)CC2=O)c1,False
38,0,0,HCRTR1_123,-8.535,C=CC(=CC)c1ccc(C(C)(O)C(=O)Nc2ccc(Cl)cc2)[nH]c1=O,True
38,0,1,HCRTR1_123,-8.423,C=CC(=CC)c1ccc(C(C)(O)C(=O)Nc2ccc(Cl)cc2)[nH]c1=O,False
38,0,2,HCRTR1_123,-8.28,C=CC(=CC)c1ccc(C(C)(O)C(=O)Nc2ccc(Cl)cc2)[nH]c1=O,False
38,0,3,HCRTR1_123,-8.146,C=CC(=CC)c1ccc(C(C)(O)C(=O)Nc2ccc(Cl)cc2)[nH]c1=O,False
38,0,4,HCRTR1_123,-8.118,C=CC(=CC)c1ccc(C(C)(O)C(=O)Nc2ccc(Cl)cc2)[nH]c1=O,False
39,0,0,HCRTR1_74,-11.148,Cc1ccc2c(c1)Cc1c(C)ccc(c1C)Cc1c(C(=O)c3ccccc3)ccc(F)c1C=C(C=CC=CCO)C(=O)N=C2,True
39,0,1,HCRTR1_74,-9.394,Cc1ccc2c(c1)Cc1c(C)ccc(c1C)Cc1c(C(=O)c3ccccc3)ccc(F)c1C=C(C=CC=CCO)C(=O)N=C2,False
39,0,2,HCRTR1_74,-9.318,Cc1ccc2c(c1)Cc1c(C)ccc(c1C)Cc1c(C(=O)c3ccccc3)ccc(F)c1C=C(C=CC=CCO)C(=O)N=C2,False
39,0,3,HCRTR1_74,-9.028,Cc1ccc2c(c1)Cc1c(C)ccc(c1C)Cc1c(C(=O)c3ccccc3)ccc(F)c1C=C(C=CC=CCO)C(=O)N=C2,False
39,0,4,HCRTR1_74,-8.902,Cc1ccc2c(c1)Cc1c(C)ccc(c1C)Cc1c(C(=O)c3ccccc3)ccc(F)c1C=C(C=CC=CCO)C(=O)N=C2,False
40,0,0,HCRTR1_202,-8.442,CCc1ccccc1Cc1cc(C2OCCC2O)ccc1CO,True
40,0,1,HCRTR1_202,-8.291,CCc1ccccc1Cc1cc(C2OCCC2O)ccc1CO,False
40,0,2,HCRTR1_202,-8.103,CCc1ccccc1Cc1cc(C2OCCC2O)ccc1CO,False
40,0,3,HCRTR1_202,-7.914,CCc1ccccc1Cc1cc(C2OCCC2O)ccc1CO,False
40,0,4,HCRTR1_202,-7.843,CCc1ccccc1Cc1cc(C2OCCC2O)ccc1CO,False
41,0,0,HCRTR1_424,-9.587,CCC(C1=CC(C)C2CCCCC2O1)C(OC1COCC(C(=O)O)C1)c1ccccc1,True
41,0,1,HCRTR1_424,-9.395,CCC(C1=CC(C)C2CCCCC2O1)C(OC1COCC(C(=O)O)C1)c1ccccc1,False
41,0,2,HCRTR1_424,-9.353,CCC(C1=CC(C)C2CCCCC2O1)C(OC1COCC(C(=O)O)C1)c1ccccc1,False
41,0,3,HCRTR1_424,-9.3,CCC(C1=CC(C)C2CCCCC2O1)C(OC1COCC(C(=O)O)C1)c1ccccc1,False
41,0,4,HCRTR1_424,-9.268,CCC(C1=CC(C)C2CCCCC2O1)C(OC1COCC(C(=O)O)C1)c1ccccc1,False
42,0,0,HCRTR1_176,-9.262,CC(C)C=Cc1cccc(C(=O)NCC2CCCN(CC(CCCO)CC(=O)O)C2=O)c1,True
42,0,1,HCRTR1_176,-8.991,CC(C)C=Cc1cccc(C(=O)NCC2CCCN(CC(CCCO)CC(=O)O)C2=O)c1,False
42,0,2,HCRTR1_176,-8.873,CC(C)C=Cc1cccc(C(=O)NCC2CCCN(CC(CCCO)CC(=O)O)C2=O)c1,False
42,0,3,HCRTR1_176,-8.762,CC(C)C=Cc1cccc(C(=O)NCC2CCCN(CC(CCCO)CC(=O)O)C2=O)c1,False
42,0,4,HCRTR1_176,-8.674,CC(C)C=Cc1cccc(C(=O)NCC2CCCN(CC(CCCO)CC(=O)O)C2=O)c1,False
43,0,0,HCRTR1_238,-9.637,CC1CCCC(C)C(C)CC(=O)NC(=O)OCC2CCC3(C)C(=CC(C(=O)CCC(=O)O)(CC1)C1OCCC13)C2,True
43,0,1,HCRTR1_238,-9.556,CC1CCCC(C)C(C)CC(=O)NC(=O)OCC2CCC3(C)C(=CC(C(=O)CCC(=O)O)(CC1)C1OCCC13)C2,False
43,0,2,HCRTR1_238,-9.301,CC1CCCC(C)C(C)CC(=O)NC(=O)OCC2CCC3(C)C(=CC(C(=O)CCC(=O)O)(CC1)C1OCCC13)C2,False
43,0,3,HCRTR1_238,-9.151,CC1CCCC(C)C(C)CC(=O)NC(=O)OCC2CCC3(C)C(=CC(C(=O)CCC(=O)O)(CC1)C1OCCC13)C2,False
43,0,4,HCRTR1_238,-8.539,CC1CCCC(C)C(C)CC(=O)NC(=O)OCC2CCC3(C)C(=CC(C(=O)CCC(=O)O)(CC1)C1OCCC13)C2,False
44,0,0,HCRTR1_320,-5.475,CC1(C)CC(O)C(C)(C)C1,True
44,0,1,HCRTR1_320,-5.176,CC1(C)CC(O)C(C)(C)C1,False
44,0,2,HCRTR1_320,-5.117,CC1(C)CC(O)C(C)(C)C1,False
44,0,3,HCRTR1_320,-5.092,CC1(C)CC(O)C(C)(C)C1,False
44,0,4,HCRTR1_320,-4.976,CC1(C)CC(O)C(C)(C)C1,False
45,0,0,HCRTR1_190,-10.204,O=C(O)C1CCC2C(c3cccc(Oc4ccccc4)c3)C(=O)N(C3CCCCC3)CC12,True
45,0,1,HCRTR1_190,-10.203,O=C(O)C1CCC2C(c3cccc(Oc4ccccc4)c3)C(=O)N(C3CCCCC3)CC12,False
45,0,2,HCRTR1_190,-10.038,O=C(O)C1CCC2C(c3cccc(Oc4ccccc4)c3)C(=O)N(C3CCCCC3)CC12,False
45,0,3,HCRTR1_190,-9.98,O=C(O)C1CCC2C(c3cccc(Oc4ccccc4)c3)C(=O)N(C3CCCCC3)CC12,False
45,0,4,HCRTR1_190,-9.809,O=C(O)C1CCC2C(c3cccc(Oc4ccccc4)c3)C(=O)N(C3CCCCC3)CC12,False
46,0,0,HCRTR1_20,-9.309,CCCc1cc(C(=O)N2CCOC2)c2cc(OCCC(C)(C)C)ccc2c1,True
46,0,1,HCRTR1_20,-8.602,CCCc1cc(C(=O)N2CCOC2)c2cc(OCCC(C)(C)C)ccc2c1,False
46,0,2,HCRTR1_20,-8.419,CCCc1cc(C(=O)N2CCOC2)c2cc(OCCC(C)(C)C)ccc2c1,False
46,0,3,HCRTR1_20,-8.324,CCCc1cc(C(=O)N2CCOC2)c2cc(OCCC(C)(C)C)ccc2c1,False
46,0,4,HCRTR1_20,-8.223,CCCc1cc(C(=O)N2CCOC2)c2cc(OCCC(C)(C)C)ccc2c1,False
47,0,0,HCRTR1_470,-9.227,CCC(=O)N(Cc1cc(CC)c(C)cc1-c1ccc(C)cc1)c1ccc(CC)c(C(=O)O)c1,True
47,0,1,HCRTR1_470,-9.023,CCC(=O)N(Cc1cc(CC)c(C)cc1-c1ccc(C)cc1)c1ccc(CC)c(C(=O)O)c1,False
47,0,2,HCRTR1_470,-8.916,CCC(=O)N(Cc1cc(CC)c(C)cc1-c1ccc(C)cc1)c1ccc(CC)c(C(=O)O)c1,False
47,0,3,HCRTR1_470,-8.913,CCC(=O)N(Cc1cc(CC)c(C)cc1-c1ccc(C)cc1)c1ccc(CC)c(C(=O)O)c1,False
47,0,4,HCRTR1_470,-8.874,CCC(=O)N(Cc1cc(CC)c(C)cc1-c1ccc(C)cc1)c1ccc(CC)c(C(=O)O)c1,False
48,0,0,HCRTR1_89,-7.043,CCCCc1cc(C2OCC(O)C2O)c(OCCC)cc1CO,True
48,0,1,HCRTR1_89,-6.857,CCCCc1cc(C2OCC(O)C2O)c(OCCC)cc1CO,False
48,0,2,HCRTR1_89,-6.848,CCCCc1cc(C2OCC(O)C2O)c(OCCC)cc1CO,False
48,0,3,HCRTR1_89,-6.8,CCCCc1cc(C2OCC(O)C2O)c(OCCC)cc1CO,False
48,0,4,HCRTR1_89,-6.734,CCCCc1cc(C2OCC(O)C2O)c(OCCC)cc1CO,False
49,0,0,HCRTR1_348,-9.964,CNCc1c(OC)cc(COc2cc(CC(C)C)c(-c3ccccc3)cc2C)c(C)c1C,True
49,0,1,HCRTR1_348,-9.737,CNCc1c(OC)cc(COc2cc(CC(C)C)c(-c3ccccc3)cc2C)c(C)c1C,False
49,0,2,HCRTR1_348,-9.508,CNCc1c(OC)cc(COc2cc(CC(C)C)c(-c3ccccc3)cc2C)c(C)c1C,False
49,0,3,HCRTR1_348,-9.381,CNCc1c(OC)cc(COc2cc(CC(C)C)c(-c3ccccc3)cc2C)c(C)c1C,False
49,0,4,HCRTR1_348,-9.368,CNCc1c(OC)cc(COc2cc(CC(C)C)c(-c3ccccc3)cc2C)c(C)c1C,False
50,0,0,HCRTR1_491,-12.198,CC12CCCC1C1CC(CCCCCCC(CC(=O)O)CN3CCCC(CNC(=O)c4cccc(c4)C1=O)C3=O)C2,True
50,0,1,HCRTR1_491,-11.418,CC12CCCC1C1CC(CCCCCCC(CC(=O)O)CN3CCCC(CNC(=O)c4cccc(c4)C1=O)C3=O)C2,False
51,0,0,HCRTR1_161,-8.179,CCC(COC(CC(C)CCO)C(=O)O)C(Oc1cccc(C(=O)O)c1)c1ccc(COC)s1,True
51,0,1,HCRTR1_161,-7.829,CCC(COC(CC(C)CCO)C(=O)O)C(Oc1cccc(C(=O)O)c1)c1ccc(COC)s1,False
51,0,2,HCRTR1_161,-7.81,CCC(COC(CC(C)CCO)C(=O)O)C(Oc1cccc(C(=O)O)c1)c1ccc(COC)s1,False
51,0,3,HCRTR1_161,-7.778,CCC(COC(CC(C)CCO)C(=O)O)C(Oc1cccc(C(=O)O)c1)c1ccc(COC)s1,False
51,0,4,HCRTR1_161,-7.761,CCC(COC(CC(C)CCO)C(=O)O)C(Oc1cccc(C(=O)O)c1)c1ccc(COC)s1,False
52,0,0,HCRTR1_391,-7.835,CC(C)C(CO)Cc1cc(C2(CCC(=O)O)CCC(C)(C)O2)ccc1CO,True
52,0,1,HCRTR1_391,-7.812,CC(C)C(CO)Cc1cc(C2(CCC(=O)O)CCC(C)(C)O2)ccc1CO,False
52,0,2,HCRTR1_391,-7.761,CC(C)C(CO)Cc1cc(C2(CCC(=O)O)CCC(C)(C)O2)ccc1CO,False
52,0,3,HCRTR1_391,-7.598,CC(C)C(CO)Cc1cc(C2(CCC(=O)O)CCC(C)(C)O2)ccc1CO,False
52,0,4,HCRTR1_391,-7.584,CC(C)C(CO)Cc1cc(C2(CCC(=O)O)CCC(C)(C)O2)ccc1CO,False
53,0,0,HCRTR1_407,-10.513,CC1CCCC(C)C(C)CC(=O)NCOC(=O)C2CC3=CC(C(=O)CCC(=O)O)(CC1)C1OCCC1C3(C)CC2O,True
53,0,1,HCRTR1_407,-9.664,CC1CCCC(C)C(C)CC(=O)NCOC(=O)C2CC3=CC(C(=O)CCC(=O)O)(CC1)C1OCCC1C3(C)CC2O,False
53,0,2,HCRTR1_407,-9.31,CC1CCCC(C)C(C)CC(=O)NCOC(=O)C2CC3=CC(C(=O)CCC(=O)O)(CC1)C1OCCC1C3(C)CC2O,False
53,0,3,HCRTR1_407,-8.621,CC1CCCC(C)C(C)CC(=O)NCOC(=O)C2CC3=CC(C(=O)CCC(=O)O)(CC1)C1OCCC1C3(C)CC2O,False
53,0,4,HCRTR1_407,-8.039,CC1CCCC(C)C(C)CC(=O)NCOC(=O)C2CC3=CC(C(=O)CCC(=O)O)(CC1)C1OCCC1C3(C)CC2O,False
54,0,0,HCRTR1_149,-7.648,CCC(COC1CCCC1)C(OC(CO)Oc1ccccc1)c1ccccc1,True
54,0,1,HCRTR1_149,-7.615,CCC(COC1CCCC1)C(OC(CO)Oc1ccccc1)c1ccccc1,False
54,0,2,HCRTR1_149,-7.53,CCC(COC1CCCC1)C(OC(CO)Oc1ccccc1)c1ccccc1,False
54,0,3,HCRTR1_149,-7.423,CCC(COC1CCCC1)C(OC(CO)Oc1ccccc1)c1ccccc1,False
54,0,4,HCRTR1_149,-7.404,CCC(COC1CCCC1)C(OC(CO)Oc1ccccc1)c1ccccc1,False
55,0,0,HCRTR1_178,-10.363,CC1=C(COc2cc(CC(C)C)c(-c3cccc(O)c3)cc2C)C(O)CC=C1,True
55,0,1,HCRTR1_178,-9.932,CC1=C(COc2cc(CC(C)C)c(-c3cccc(O)c3)cc2C)C(O)CC=C1,False
55,0,2,HCRTR1_178,-9.26,CC1=C(COc2cc(CC(C)C)c(-c3cccc(O)c3)cc2C)C(O)CC=C1,False
55,0,3,HCRTR1_178,-8.82,CC1=C(COc2cc(CC(C)C)c(-c3cccc(O)c3)cc2C)C(O)CC=C1,False
55,0,4,HCRTR1_178,-8.795,CC1=C(COc2cc(CC(C)C)c(-c3cccc(O)c3)cc2C)C(O)CC=C1,False
56,0,0,HCRTR1_409,-7.501,CCCCC(C)OCC(CC)C(OC1COCC(C(=O)O)C1)c1ccccc1,True
56,0,1,HCRTR1_409,-7.2,CCCCC(C)OCC(CC)C(OC1COCC(C(=O)O)C1)c1ccccc1,False
56,0,2,HCRTR1_409,-7.161,CCCCC(C)OCC(CC)C(OC1COCC(C(=O)O)C1)c1ccccc1,False
56,0,3,HCRTR1_409,-7.099,CCCCC(C)OCC(CC)C(OC1COCC(C(=O)O)C1)c1ccccc1,False
56,0,4,HCRTR1_409,-7.076,CCCCC(C)OCC(CC)C(OC1COCC(C(=O)O)C1)c1ccccc1,False
57,0,0,HCRTR1_315,-10.037,CCC(=O)N(Cc1cc(CC)c(C)cc1-c1ccc(O)cc1)c1cc(CC)cc(C(O)O)c1,True
57,0,1,HCRTR1_315,-9.842,CCC(=O)N(Cc1cc(CC)c(C)cc1-c1ccc(O)cc1)c1cc(CC)cc(C(O)O)c1,False
57,0,2,HCRTR1_315,-9.484,CCC(=O)N(Cc1cc(CC)c(C)cc1-c1ccc(O)cc1)c1cc(CC)cc(C(O)O)c1,False
57,0,3,HCRTR1_315,-9.472,CCC(=O)N(Cc1cc(CC)c(C)cc1-c1ccc(O)cc1)c1cc(CC)cc(C(O)O)c1,False
57,0,4,HCRTR1_315,-9.387,CCC(=O)N(Cc1cc(CC)c(C)cc1-c1ccc(O)cc1)c1cc(CC)cc(C(O)O)c1,False
58,0,0,HCRTR1_175,-10.405,Cc1ccccc1COc1cc(CC(C)C)c(-c2cccc(O)c2)cc1C,True
58,0,1,HCRTR1_175,-9.922,Cc1ccccc1COc1cc(CC(C)C)c(-c2cccc(O)c2)cc1C,False
58,0,2,HCRTR1_175,-9.238,Cc1ccccc1COc1cc(CC(C)C)c(-c2cccc(O)c2)cc1C,False
58,0,3,HCRTR1_175,-8.993,Cc1ccccc1COc1cc(CC(C)C)c(-c2cccc(O)c2)cc1C,False
58,0,4,HCRTR1_175,-8.97,Cc1ccccc1COc1cc(CC(C)C)c(-c2cccc(O)c2)cc1C,False
59,0,0,HCRTR1_118,-9.641,COc1c(O)cc(Cc2cc(F)ccc2C(=O)c2ccccc2)c2c1OCCCO2,True
59,0,1,HCRTR1_118,-9.608,COc1c(O)cc(Cc2cc(F)ccc2C(=O)c2ccccc2)c2c1OCCCO2,False
59,0,2,HCRTR1_118,-9.389,COc1c(O)cc(Cc2cc(F)ccc2C(=O)c2ccccc2)c2c1OCCCO2,False
59,0,3,HCRTR1_118,-9.264,COc1c(O)cc(Cc2cc(F)ccc2C(=O)c2ccccc2)c2c1OCCCO2,False
59,0,4,HCRTR1_118,-9.24,COc1c(O)cc(Cc2cc(F)ccc2C(=O)c2ccccc2)c2c1OCCCO2,False
60,0,0,HCRTR1_360,-14.141,Cc1ccc2c(C)c1Cc1ccccc1C=NC(=O)c1ccccc1Oc1c(F)ccc(C(=O)c3ccccc3)c1C2,True
60,0,1,HCRTR1_360,-12.148,Cc1ccc2c(C)c1Cc1ccccc1C=NC(=O)c1ccccc1Oc1c(F)ccc(C(=O)c3ccccc3)c1C2,False
60,0,2,HCRTR1_360,-11.661,Cc1ccc2c(C)c1Cc1ccccc1C=NC(=O)c1ccccc1Oc1c(F)ccc(C(=O)c3ccccc3)c1C2,False
61,0,0,HCRTR1_40,-8.317,CCCCNC(=O)C(CCCO)c1cccc(Oc2ccccc2)c1,True
61,0,1,HCRTR1_40,-8.303,CCCCNC(=O)C(CCCO)c1cccc(Oc2ccccc2)c1,False
61,0,2,HCRTR1_40,-8.243,CCCCNC(=O)C(CCCO)c1cccc(Oc2ccccc2)c1,False
61,0,3,HCRTR1_40,-8.167,CCCCNC(=O)C(CCCO)c1cccc(Oc2ccccc2)c1,False
61,0,4,HCRTR1_40,-8.08,CCCCNC(=O)C(CCCO)c1cccc(Oc2ccccc2)c1,False
62,0,0,HCRTR1_279,-11.395,CCCC1CCCCCCC2=CC(C(=O)c3cccc(c3)C(=O)NCC3CCCN(C1)C3=O)C1CCCC1(C)C2,True
62,0,1,HCRTR1_279,-10.516,CCCC1CCCCCCC2=CC(C(=O)c3cccc(c3)C(=O)NCC3CCCN(C1)C3=O)C1CCCC1(C)C2,False
63,0,0,HCRTR1_79,-7.807,CCC(COC1COCC2CCOC21)C(OC(CO)CC(=O)O)c1ccccc1,True
63,0,1,HCRTR1_79,-7.768,CCC(COC1COCC2CCOC21)C(OC(CO)CC(=O)O)c1ccccc1,False
63,0,2,HCRTR1_79,-7.681,CCC(COC1COCC2CCOC21)C(OC(CO)CC(=O)O)c1ccccc1,False
63,0,3,HCRTR1_79,-7.63,CCC(COC1COCC2CCOC21)C(OC(CO)CC(=O)O)c1ccccc1,False
63,0,4,HCRTR1_79,-7.548,CCC(COC1COCC2CCOC21)C(OC(CO)CC(=O)O)c1ccccc1,False
64,0,0,HCRTR1_433,-6.559,Cc1ccc(C2CCCCC2C)cc1,True
64,0,1,HCRTR1_433,-6.486,Cc1ccc(C2CCCCC2C)cc1,False
64,0,2,HCRTR1_433,-6.385,Cc1ccc(C2CCCCC2C)cc1,False
64,0,3,HCRTR1_433,-6.239,Cc1ccc(C2CCCCC2C)cc1,False
64,0,4,HCRTR1_433,-6.176,Cc1ccc(C2CCCCC2C)cc1,False
65,0,0,HCRTR1_435,-10.046,CCC1(C)CC2CC(C)C(=O)c3ccc(F)cc3C2c2cc(C(O)O)ccc21,True
65,0,1,HCRTR1_435,-9.912,CCC1(C)CC2CC(C)C(=O)c3ccc(F)cc3C2c2cc(C(O)O)ccc21,False
65,0,2,HCRTR1_435,-9.77,CCC1(C)CC2CC(C)C(=O)c3ccc(F)cc3C2c2cc(C(O)O)ccc21,False
65,0,3,HCRTR1_435,-9.554,CCC1(C)CC2CC(C)C(=O)c3ccc(F)cc3C2c2cc(C(O)O)ccc21,False
65,0,4,HCRTR1_435,-9.269,CCC1(C)CC2CC(C)C(=O)c3ccc(F)cc3C2c2cc(C(O)O)ccc21,False
66,0,0,HCRTR1_287,-9.098,CC12CCC=C1CCC1CCCC3OC1=C2C(=O)OCCC3O,True
66,0,1,HCRTR1_287,-8.928,CC12CCC=C1CCC1CCCC3OC1=C2C(=O)OCCC3O,False
66,0,2,HCRTR1_287,-8.701,CC12CCC=C1CCC1CCCC3OC1=C2C(=O)OCCC3O,False
66,0,3,HCRTR1_287,-8.573,CC12CCC=C1CCC1CCCC3OC1=C2C(=O)OCCC3O,False
66,0,4,HCRTR1_287,-8.453,CC12CCC=C1CCC1CCCC3OC1=C2C(=O)OCCC3O,False
67,0,0,HCRTR1_457,-10.627,CC1=C(COc2cc(CC(C)C)c(-c3cccc(O)c3)cc2C)C(O)CCC1,True
67,0,1,HCRTR1_457,-10.432,CC1=C(COc2cc(CC(C)C)c(-c3cccc(O)c3)cc2C)C(O)CCC1,False
67,0,2,HCRTR1_457,-9.185,CC1=C(COc2cc(CC(C)C)c(-c3cccc(O)c3)cc2C)C(O)CCC1,False
67,0,3,HCRTR1_457,-9.108,CC1=C(COc2cc(CC(C)C)c(-c3cccc(O)c3)cc2C)C(O)CCC1,False
67,0,4,HCRTR1_457,-9.08,CC1=C(COc2cc(CC(C)C)c(-c3cccc(O)c3)cc2C)C(O)CCC1,False
68,0,0,HCRTR1_252,-10.114,CCC1(C)CC2CC(C)C(=O)c3ccc(F)cc3C2c2cc(Cn3ccnc3)ccc21,True
68,0,1,HCRTR1_252,-9.839,CCC1(C)CC2CC(C)C(=O)c3ccc(F)cc3C2c2cc(Cn3ccnc3)ccc21,False
68,0,2,HCRTR1_252,-9.506,CCC1(C)CC2CC(C)C(=O)c3ccc(F)cc3C2c2cc(Cn3ccnc3)ccc21,False
68,0,3,HCRTR1_252,-9.432,CCC1(C)CC2CC(C)C(=O)c3ccc(F)cc3C2c2cc(Cn3ccnc3)ccc21,False
68,0,4,HCRTR1_252,-9.327,CCC1(C)CC2CC(C)C(=O)c3ccc(F)cc3C2c2cc(Cn3ccnc3)ccc21,False
69,0,0,HCRTR1_165,-9.699,COc1c(O)cc(Cc2cc(F)ccc2C(=O)c2ccccc2)c2c1OCC(C)O2,True
69,0,1,HCRTR1_165,-9.657,COc1c(O)cc(Cc2cc(F)ccc2C(=O)c2ccccc2)c2c1OCC(C)O2,False
69,0,2,HCRTR1_165,-9.576,COc1c(O)cc(Cc2cc(F)ccc2C(=O)c2ccccc2)c2c1OCC(C)O2,False
69,0,3,HCRTR1_165,-9.293,COc1c(O)cc(Cc2cc(F)ccc2C(=O)c2ccccc2)c2c1OCC(C)O2,False
69,0,4,HCRTR1_165,-9.201,COc1c(O)cc(Cc2cc(F)ccc2C(=O)c2ccccc2)c2c1OCC(C)O2,False
70,0,0,HCRTR1_381,-8.48,CCC(COC(CC(C)CCO)C(=O)O)C(Oc1cc(C(N)O)ccc1O)c1ccc(COC)s1,True
70,0,1,HCRTR1_381,-8.353,CCC(COC(CC(C)CCO)C(=O)O)C(Oc1cc(C(N)O)ccc1O)c1ccc(COC)s1,False
70,0,2,HCRTR1_381,-8.234,CCC(COC(CC(C)CCO)C(=O)O)C(Oc1cc(C(N)O)ccc1O)c1ccc(COC)s1,False
70,0,3,HCRTR1_381,-8.173,CCC(COC(CC(C)CCO)C(=O)O)C(Oc1cc(C(N)O)ccc1O)c1ccc(COC)s1,False
70,0,4,HCRTR1_381,-8.143,CCC(COC(CC(C)CCO)C(=O)O)C(Oc1cc(C(N)O)ccc1O)c1ccc(COC)s1,False
71,0,0,HCRTR1_129,-8.688,CCCC(=O)C(C)(CCC(C)CCC1(C(C)C)CCCC1)C1OCC(C)C1C,True
71,0,1,HCRTR1_129,-8.641,CCCC(=O)C(C)(CCC(C)CCC1(C(C)C)CCCC1)C1OCC(C)C1C,False
71,0,2,HCRTR1_129,-8.623,CCCC(=O)C(C)(CCC(C)CCC1(C(C)C)CCCC1)C1OCC(C)C1C,False
71,0,3,HCRTR1_129,-8.544,CCCC(=O)C(C)(CCC(C)CCC1(C(C)C)CCCC1)C1OCC(C)C1C,False
71,0,4,HCRTR1_129,-8.356,CCCC(=O)C(C)(CCC(C)CCC1(C(C)C)CCCC1)C1OCC(C)C1C,False
